Date (GMT+2),Non-Renewable,Renewable,Day Ahead Auction (GR)
,Power (MW),Power (MW),"Price (EUR/MWh, EUR/tCO2)"
2026-01-01T00:00+02:00,4070,2253,101.92
2026-01-01T00:15+02:00,4070,2253,91.3
2026-01-01T00:30+02:00,4070,2253,85.65
2026-01-01T00:45+02:00,4070,2253,80.04
2026-01-01T01:00+02:00,4241,2250,104.05
2026-01-01T01:15+02:00,4241,2250,98.71
2026-01-01T01:30+02:00,4241,2250,97.98
2026-01-01T01:45+02:00,4241,2250,91.66
2026-01-01T02:00+02:00,4146,2093,99.07
2026-01-01T02:15+02:00,4146,2093,97.24
2026-01-01T02:30+02:00,4146,2093,93.14
2026-01-01T02:45+02:00,4146,2093,86.33
2026-01-01T03:00+02:00,3565,2158,97.5
2026-01-01T03:15+02:00,3565,2158,89.43
2026-01-01T03:30+02:00,3565,2158,86.3
2026-01-01T03:45+02:00,3565,2158,79
2026-01-01T04:00+02:00,3023,2230,82.61
2026-01-01T04:15+02:00,3023,2230,77.77
2026-01-01T04:30+02:00,3023,2230,74.94
2026-01-01T04:45+02:00,3023,2230,76.65
2026-01-01T05:00+02:00,2569,2241,69.45
2026-01-01T05:15+02:00,2569,2241,70.32
2026-01-01T05:30+02:00,2569,2241,74.25
2026-01-01T05:45+02:00,2569,2241,74.25
2026-01-01T06:00+02:00,2616,2275,52.34
2026-01-01T06:15+02:00,2616,2275,73.18
2026-01-01T06:30+02:00,2616,2275,75.35
2026-01-01T06:45+02:00,2616,2275,80.21
2026-01-01T07:00+02:00,2350,2364,75.59
2026-01-01T07:15+02:00,2350,2364,80.36
2026-01-01T07:30+02:00,2350,2364,83.01
2026-01-01T07:45+02:00,2350,2364,85.99
2026-01-01T08:00+02:00,2127,3105,83.71
2026-01-01T08:15+02:00,2127,3105,75.27
2026-01-01T08:30+02:00,2127,3105,61.11
2026-01-01T08:45+02:00,2127,3105,48.81
2026-01-01T09:00+02:00,1646,5047,48.15
2026-01-01T09:15+02:00,1646,5047,43.09
2026-01-01T09:30+02:00,1646,5047,43.11
2026-01-01T09:45+02:00,1646,5047,37.41
2026-01-01T10:00+02:00,1264,6464,51.02
2026-01-01T10:15+02:00,1264,6464,46.16
2026-01-01T10:30+02:00,1264,6464,29.95
2026-01-01T10:45+02:00,1264,6464,10.25
2026-01-01T11:00+02:00,985,6608,15.1
2026-01-01T11:15+02:00,985,6608,24.85
2026-01-01T11:30+02:00,985,6608,22.27
2026-01-01T11:45+02:00,985,6608,10.23
2026-01-01T12:00+02:00,1002,6815,39.44
2026-01-01T12:15+02:00,1002,6815,21.09
2026-01-01T12:30+02:00,1002,6815,25.17
2026-01-01T12:45+02:00,1002,6815,20.28
2026-01-01T13:00+02:00,1055,6525,22.48
2026-01-01T13:15+02:00,1055,6525,26.06
2026-01-01T13:30+02:00,1055,6525,29.66
2026-01-01T13:45+02:00,1055,6525,34.63
2026-01-01T14:00+02:00,1195,5590,40.01
2026-01-01T14:15+02:00,1195,5590,40
2026-01-01T14:30+02:00,1195,5590,31.94
2026-01-01T14:45+02:00,1195,5590,32.96
2026-01-01T15:00+02:00,1924,3941,38.99
2026-01-01T15:15+02:00,1924,3941,54.88
2026-01-01T15:30+02:00,1924,3941,54.69
2026-01-01T15:45+02:00,1924,3941,80.27
2026-01-01T16:00+02:00,3103,1710,81.01
2026-01-01T16:15+02:00,3103,1710,86.08
2026-01-01T16:30+02:00,3103,1710,104.05
2026-01-01T16:45+02:00,3103,1710,132.24
2026-01-01T17:00+02:00,3647,1006,108.78
2026-01-01T17:15+02:00,3647,1006,110.89
2026-01-01T17:30+02:00,3647,1006,123.08
2026-01-01T17:45+02:00,3647,1006,103.07
2026-01-01T18:00+02:00,3839,1112,125.05
2026-01-01T18:15+02:00,3839,1112,123.57
2026-01-01T18:30+02:00,3839,1112,109.46
2026-01-01T18:45+02:00,3839,1112,121.92
2026-01-01T19:00+02:00,3765,1207,126.87
2026-01-01T19:15+02:00,3765,1207,127.54
2026-01-01T19:30+02:00,3765,1207,118.71
2026-01-01T19:45+02:00,3765,1207,108.15
2026-01-01T20:00+02:00,3785,1096,106.36
2026-01-01T20:15+02:00,3785,1096,105.64
2026-01-01T20:30+02:00,3785,1096,129.18
2026-01-01T20:45+02:00,3785,1096,140.47
2026-01-01T21:00+02:00,3753,873,127.85
2026-01-01T21:15+02:00,3753,873,125.38
2026-01-01T21:30+02:00,3753,873,120.18
2026-01-01T21:45+02:00,3753,873,104.05
2026-01-01T22:00+02:00,4119,849,127.9
2026-01-01T22:15+02:00,4119,849,125.27
2026-01-01T22:30+02:00,4119,849,107.46
2026-01-01T22:45+02:00,4119,849,99.37
2026-01-01T23:00+02:00,4402,918,108.27
2026-01-01T23:15+02:00,4402,918,126.37
2026-01-01T23:30+02:00,4402,918,104.06
2026-01-01T23:45+02:00,4402,918,98.42
2026-01-02T00:00+02:00,3887,974,98.97
2026-01-02T00:15+02:00,3887,974,97.37
2026-01-02T00:30+02:00,3887,974,97.18
2026-01-02T00:45+02:00,3887,974,95.98
2026-01-02T01:00+02:00,3431,973,92.04
2026-01-02T01:15+02:00,3431,973,87.05
2026-01-02T01:30+02:00,3431,973,92.88
2026-01-02T01:45+02:00,3431,973,92.46
2026-01-02T02:00+02:00,3139,1040,92.17
2026-01-02T02:15+02:00,3139,1040,87.27
2026-01-02T02:30+02:00,3139,1040,83.5
2026-01-02T02:45+02:00,3139,1040,81.94
2026-01-02T03:00+02:00,2912,1194,80.61
2026-01-02T03:15+02:00,2912,1194,79.95
2026-01-02T03:30+02:00,2912,1194,77.64
2026-01-02T03:45+02:00,2912,1194,75.39
2026-01-02T04:00+02:00,2663,1404,74.71
2026-01-02T04:15+02:00,2663,1404,74.98
2026-01-02T04:30+02:00,2663,1404,80.28
2026-01-02T04:45+02:00,2663,1404,77.49
2026-01-02T05:00+02:00,2471,1656,80.19
2026-01-02T05:15+02:00,2471,1656,77.71
2026-01-02T05:30+02:00,2471,1656,80.35
2026-01-02T05:45+02:00,2471,1656,80.34
2026-01-02T06:00+02:00,2469,1862,81.67
2026-01-02T06:15+02:00,2469,1862,81.07
2026-01-02T06:30+02:00,2469,1862,84.06
2026-01-02T06:45+02:00,2469,1862,97.3
2026-01-02T07:00+02:00,2807,1977,98.13
2026-01-02T07:15+02:00,2807,1977,101.47
2026-01-02T07:30+02:00,2807,1977,104.05
2026-01-02T07:45+02:00,2807,1977,118.12
2026-01-02T08:00+02:00,2825,2975,104.05
2026-01-02T08:15+02:00,2825,2975,104.05
2026-01-02T08:30+02:00,2825,2975,104.06
2026-01-02T08:45+02:00,2825,2975,104.05
2026-01-02T09:00+02:00,2529,4174,98.87
2026-01-02T09:15+02:00,2529,4174,98.95
2026-01-02T09:30+02:00,2529,4174,98.96
2026-01-02T09:45+02:00,2529,4174,87.66
2026-01-02T10:00+02:00,2513,4872,100.96
2026-01-02T10:15+02:00,2513,4872,95.28
2026-01-02T10:30+02:00,2513,4872,86.67
2026-01-02T10:45+02:00,2513,4872,81.1
2026-01-02T11:00+02:00,2652,5338,94.23
2026-01-02T11:15+02:00,2652,5338,86.1
2026-01-02T11:30+02:00,2652,5338,81.74
2026-01-02T11:45+02:00,2652,5338,79.79
2026-01-02T12:00+02:00,2255,5898,84.56
2026-01-02T12:15+02:00,2255,5898,83.45
2026-01-02T12:30+02:00,2255,5898,82.94
2026-01-02T12:45+02:00,2255,5898,81.08
2026-01-02T13:00+02:00,2074,5885,26.67
2026-01-02T13:15+02:00,2074,5885,55.5
2026-01-02T13:30+02:00,2074,5885,77.47
2026-01-02T13:45+02:00,2074,5885,80.36
2026-01-02T14:00+02:00,2270,5321,77.21
2026-01-02T14:15+02:00,2270,5321,80.59
2026-01-02T14:30+02:00,2270,5321,83.76
2026-01-02T14:45+02:00,2270,5321,87.47
2026-01-02T15:00+02:00,3005,4280,81.5
2026-01-02T15:15+02:00,3005,4280,85.47
2026-01-02T15:30+02:00,3005,4280,98.68
2026-01-02T15:45+02:00,3005,4280,105.75
2026-01-02T16:00+02:00,3617,3402,91.66
2026-01-02T16:15+02:00,3617,3402,98.65
2026-01-02T16:30+02:00,3617,3402,110.82
2026-01-02T16:45+02:00,3617,3402,122.92
2026-01-02T17:00+02:00,3595,3377,108.64
2026-01-02T17:15+02:00,3595,3377,120.92
2026-01-02T17:30+02:00,3595,3377,117.44
2026-01-02T17:45+02:00,3595,3377,117.9
2026-01-02T18:00+02:00,3666,3673,125.85
2026-01-02T18:15+02:00,3666,3673,116.24
2026-01-02T18:30+02:00,3666,3673,115.04
2026-01-02T18:45+02:00,3666,3673,114.72
2026-01-02T19:00+02:00,3660,3853,115.91
2026-01-02T19:15+02:00,3660,3853,121.12
2026-01-02T19:30+02:00,3660,3853,113.79
2026-01-02T19:45+02:00,3660,3853,114.3
2026-01-02T20:00+02:00,3434,3682,117.06
2026-01-02T20:15+02:00,3434,3682,120.11
2026-01-02T20:30+02:00,3434,3682,120.19
2026-01-02T20:45+02:00,3434,3682,115.52
2026-01-02T21:00+02:00,3458,3571,124.21
2026-01-02T21:15+02:00,3458,3571,116.5
2026-01-02T21:30+02:00,3458,3571,115.23
2026-01-02T21:45+02:00,3458,3571,104.05
2026-01-02T22:00+02:00,3517,3617,116.74
2026-01-02T22:15+02:00,3517,3617,104.06
2026-01-02T22:30+02:00,3517,3617,101.18
2026-01-02T22:45+02:00,3517,3617,92.22
2026-01-02T23:00+02:00,3629,3598,104.06
2026-01-02T23:15+02:00,3629,3598,97.46
2026-01-02T23:30+02:00,3629,3598,93.64
2026-01-02T23:45+02:00,3629,3598,85.57
2026-01-03T00:00+02:00,3023,3601,87.37
2026-01-03T00:15+02:00,3023,3601,83.59
2026-01-03T00:30+02:00,3023,3601,83.14
2026-01-03T00:45+02:00,3023,3601,78.97
2026-01-03T01:00+02:00,3201,3418,84.34
2026-01-03T01:15+02:00,3201,3418,82.79
2026-01-03T01:30+02:00,3201,3418,78.84
2026-01-03T01:45+02:00,3201,3418,75.74
2026-01-03T02:00+02:00,2617,3460,80.9
2026-01-03T02:15+02:00,2617,3460,77.99
2026-01-03T02:30+02:00,2617,3460,79.53
2026-01-03T02:45+02:00,2617,3460,81.7
2026-01-03T03:00+02:00,2349,3464,84.33
2026-01-03T03:15+02:00,2349,3464,81.01
2026-01-03T03:30+02:00,2349,3464,79.11
2026-01-03T03:45+02:00,2349,3464,78.57
2026-01-03T04:00+02:00,2235,3473,82.51
2026-01-03T04:15+02:00,2235,3473,81.1
2026-01-03T04:30+02:00,2235,3473,79.26
2026-01-03T04:45+02:00,2235,3473,76.35
2026-01-03T05:00+02:00,2271,3430,79.14
2026-01-03T05:15+02:00,2271,3430,77.07
2026-01-03T05:30+02:00,2271,3430,76.58
2026-01-03T05:45+02:00,2271,3430,76.73
2026-01-03T06:00+02:00,2235,3486,75.02
2026-01-03T06:15+02:00,2235,3486,75.81
2026-01-03T06:30+02:00,2235,3486,75.3
2026-01-03T06:45+02:00,2235,3486,79.06
2026-01-03T07:00+02:00,2170,3538,76.93
2026-01-03T07:15+02:00,2170,3538,77.27
2026-01-03T07:30+02:00,2170,3538,79.36
2026-01-03T07:45+02:00,2170,3538,83.66
2026-01-03T08:00+02:00,2353,3933,78.56
2026-01-03T08:15+02:00,2353,3933,82
2026-01-03T08:30+02:00,2353,3933,86.34
2026-01-03T08:45+02:00,2353,3933,88.79
2026-01-03T09:00+02:00,2551,4853,87.85
2026-01-03T09:15+02:00,2551,4853,90.35
2026-01-03T09:30+02:00,2551,4853,91.91
2026-01-03T09:45+02:00,2551,4853,92.65
2026-01-03T10:00+02:00,2424,5524,95.05
2026-01-03T10:15+02:00,2424,5524,88.86
2026-01-03T10:30+02:00,2424,5524,86.25
2026-01-03T10:45+02:00,2424,5524,85.25
2026-01-03T11:00+02:00,2626,5621,85.76
2026-01-03T11:15+02:00,2626,5621,85.44
2026-01-03T11:30+02:00,2626,5621,84.85
2026-01-03T11:45+02:00,2626,5621,84.69
2026-01-03T12:00+02:00,3447,5263,85.19
2026-01-03T12:15+02:00,3447,5263,85.14
2026-01-03T12:30+02:00,3447,5263,85.13
2026-01-03T12:45+02:00,3447,5263,84.97
2026-01-03T13:00+02:00,3608,5102,83.26
2026-01-03T13:15+02:00,3608,5102,83.72
2026-01-03T13:30+02:00,3608,5102,84.03
2026-01-03T13:45+02:00,3608,5102,84.61
2026-01-03T14:00+02:00,3716,4707,85.03
2026-01-03T14:15+02:00,3716,4707,85.07
2026-01-03T14:30+02:00,3716,4707,74.94
2026-01-03T14:45+02:00,3716,4707,76.82
2026-01-03T15:00+02:00,4126,4224,81.99
2026-01-03T15:15+02:00,4126,4224,83.44
2026-01-03T15:30+02:00,4126,4224,83.58
2026-01-03T15:45+02:00,4126,4224,85.05
2026-01-03T16:00+02:00,4162,3967,90
2026-01-03T16:15+02:00,4162,3967,94.79
2026-01-03T16:30+02:00,4162,3967,96.59
2026-01-03T16:45+02:00,4162,3967,98.08
2026-01-03T17:00+02:00,4204,3936,102.88
2026-01-03T17:15+02:00,4204,3936,111.05
2026-01-03T17:30+02:00,4204,3936,112.28
2026-01-03T17:45+02:00,4204,3936,106.21
2026-01-03T18:00+02:00,4176,4253,113.87
2026-01-03T18:15+02:00,4176,4253,110.11
2026-01-03T18:30+02:00,4176,4253,111.01
2026-01-03T18:45+02:00,4176,4253,111.91
2026-01-03T19:00+02:00,3971,4345,114.95
2026-01-03T19:15+02:00,3971,4345,112.35
2026-01-03T19:30+02:00,3971,4345,111.64
2026-01-03T19:45+02:00,3971,4345,108.36
2026-01-03T20:00+02:00,3881,4317,108.55
2026-01-03T20:15+02:00,3881,4317,104.54
2026-01-03T20:30+02:00,3881,4317,111.24
2026-01-03T20:45+02:00,3881,4317,111.8
2026-01-03T21:00+02:00,4077,3999,100.49
2026-01-03T21:15+02:00,4077,3999,109.08
2026-01-03T21:30+02:00,4077,3999,103.85
2026-01-03T21:45+02:00,4077,3999,98.99
2026-01-03T22:00+02:00,3958,3697,96.63
2026-01-03T22:15+02:00,3958,3697,96.08
2026-01-03T22:30+02:00,3958,3697,95.69
2026-01-03T22:45+02:00,3958,3697,95.74
2026-01-03T23:00+02:00,3758,3577,95.62
2026-01-03T23:15+02:00,3758,3577,89.37
2026-01-03T23:30+02:00,3758,3577,87.91
2026-01-03T23:45+02:00,3758,3577,86.86
2026-01-04T00:00+02:00,3363,3563,83.6
2026-01-04T00:15+02:00,3363,3563,82.15
2026-01-04T00:30+02:00,3363,3563,82
2026-01-04T00:45+02:00,3363,3563,81.34
2026-01-04T01:00+02:00,2876,3475,84.48
2026-01-04T01:15+02:00,2876,3475,82.67
2026-01-04T01:30+02:00,2876,3475,87.78
2026-01-04T01:45+02:00,2876,3475,84.08
2026-01-04T02:00+02:00,2463,3562,87.72
2026-01-04T02:15+02:00,2463,3562,85.43
2026-01-04T02:30+02:00,2463,3562,84.24
2026-01-04T02:45+02:00,2463,3562,83.93
2026-01-04T03:00+02:00,2640,3529,87.13
2026-01-04T03:15+02:00,2640,3529,84.85
2026-01-04T03:30+02:00,2640,3529,84.18
2026-01-04T03:45+02:00,2640,3529,84.01
2026-01-04T04:00+02:00,2599,3486,85.31
2026-01-04T04:15+02:00,2599,3486,83.87
2026-01-04T04:30+02:00,2599,3486,83.43
2026-01-04T04:45+02:00,2599,3486,83.05
2026-01-04T05:00+02:00,2474,3549,82.6
2026-01-04T05:15+02:00,2474,3549,82.19
2026-01-04T05:30+02:00,2474,3549,82.41
2026-01-04T05:45+02:00,2474,3549,83.03
2026-01-04T06:00+02:00,2032,3609,82.51
2026-01-04T06:15+02:00,2032,3609,83.18
2026-01-04T06:30+02:00,2032,3609,84.01
2026-01-04T06:45+02:00,2032,3609,83.93
2026-01-04T07:00+02:00,1934,3540,82.78
2026-01-04T07:15+02:00,1934,3540,84.41
2026-01-04T07:30+02:00,1934,3540,83.85
2026-01-04T07:45+02:00,1934,3540,84.79
2026-01-04T08:00+02:00,2048,3769,85.2
2026-01-04T08:15+02:00,2048,3769,85.16
2026-01-04T08:30+02:00,2048,3769,86.9
2026-01-04T08:45+02:00,2048,3769,90.1
2026-01-04T09:00+02:00,2144,4705,86.96
2026-01-04T09:15+02:00,2144,4705,88.2
2026-01-04T09:30+02:00,2144,4705,88.85
2026-01-04T09:45+02:00,2144,4705,89.59
2026-01-04T10:00+02:00,1648,5786,94.02
2026-01-04T10:15+02:00,1648,5786,88.47
2026-01-04T10:30+02:00,1648,5786,84.19
2026-01-04T10:45+02:00,1648,5786,77.39
2026-01-04T11:00+02:00,1251,6697,85.21
2026-01-04T11:15+02:00,1251,6697,83.33
2026-01-04T11:30+02:00,1251,6697,83.16
2026-01-04T11:45+02:00,1251,6697,60
2026-01-04T12:00+02:00,1479,6829,60
2026-01-04T12:15+02:00,1479,6829,60
2026-01-04T12:30+02:00,1479,6829,60
2026-01-04T12:45+02:00,1479,6829,60
2026-01-04T13:00+02:00,1740,6271,60
2026-01-04T13:15+02:00,1740,6271,83.16
2026-01-04T13:30+02:00,1740,6271,84.66
2026-01-04T13:45+02:00,1740,6271,85.58
2026-01-04T14:00+02:00,1970,5768,84.2
2026-01-04T14:15+02:00,1970,5768,85.27
2026-01-04T14:30+02:00,1970,5768,86.19
2026-01-04T14:45+02:00,1970,5768,89.45
2026-01-04T15:00+02:00,2124,5276,83.5
2026-01-04T15:15+02:00,2124,5276,89.51
2026-01-04T15:30+02:00,2124,5276,96.88
2026-01-04T15:45+02:00,2124,5276,102.33
2026-01-04T16:00+02:00,3039,4302,83.8
2026-01-04T16:15+02:00,3039,4302,90.62
2026-01-04T16:30+02:00,3039,4302,97.88
2026-01-04T16:45+02:00,3039,4302,106.87
2026-01-04T17:00+02:00,3650,3912,103.01
2026-01-04T17:15+02:00,3650,3912,113.78
2026-01-04T17:30+02:00,3650,3912,116.34
2026-01-04T17:45+02:00,3650,3912,120.92
2026-01-04T18:00+02:00,3804,4114,113.99
2026-01-04T18:15+02:00,3804,4114,119.02
2026-01-04T18:30+02:00,3804,4114,117.5
2026-01-04T18:45+02:00,3804,4114,123.19
2026-01-04T19:00+02:00,3797,4243,121
2026-01-04T19:15+02:00,3797,4243,120.93
2026-01-04T19:30+02:00,3797,4243,119.49
2026-01-04T19:45+02:00,3797,4243,123.3
2026-01-04T20:00+02:00,3768,4135,109.66
2026-01-04T20:15+02:00,3768,4135,107.44
2026-01-04T20:30+02:00,3768,4135,100.19
2026-01-04T20:45+02:00,3768,4135,98.97
2026-01-04T21:00+02:00,4117,3766,99.11
2026-01-04T21:15+02:00,4117,3766,99.14
2026-01-04T21:30+02:00,4117,3766,110
2026-01-04T21:45+02:00,4117,3766,103.17
2026-01-04T22:00+02:00,4090,3540,106.87
2026-01-04T22:15+02:00,4090,3540,102.42
2026-01-04T22:30+02:00,4090,3540,98.5
2026-01-04T22:45+02:00,4090,3540,92.99
2026-01-04T23:00+02:00,3882,3296,98.79
2026-01-04T23:15+02:00,3882,3296,98.96
2026-01-04T23:30+02:00,3882,3296,97.83
2026-01-04T23:45+02:00,3882,3296,90.68
2026-01-05T00:00+02:00,3469,3209,87.52
2026-01-05T00:15+02:00,3469,3209,84.52
2026-01-05T00:30+02:00,3469,3209,84.81
2026-01-05T00:45+02:00,3469,3209,83.17
2026-01-05T01:00+02:00,2668,3075,54.5
2026-01-05T01:15+02:00,2668,3075,10
2026-01-05T01:30+02:00,2668,3075,10
2026-01-05T01:45+02:00,2668,3075,30.4
2026-01-05T02:00+02:00,2638,3073,57
2026-01-05T02:15+02:00,2638,3073,27.02
2026-01-05T02:30+02:00,2638,3073,10.01
2026-01-05T02:45+02:00,2638,3073,10
2026-01-05T03:00+02:00,2489,2982,0.01
2026-01-05T03:15+02:00,2489,2982,0.01
2026-01-05T03:30+02:00,2489,2982,56.75
2026-01-05T03:45+02:00,2489,2982,10.01
2026-01-05T04:00+02:00,2168,2929,51.55
2026-01-05T04:15+02:00,2168,2929,0.01
2026-01-05T04:30+02:00,2168,2929,0.01
2026-01-05T04:45+02:00,2168,2929,56.5
2026-01-05T05:00+02:00,2178,2986,16.53
2026-01-05T05:15+02:00,2178,2986,56.8
2026-01-05T05:30+02:00,2178,2986,65
2026-01-05T05:45+02:00,2178,2986,72.35
2026-01-05T06:00+02:00,2452,2972,68.05
2026-01-05T06:15+02:00,2452,2972,75.91
2026-01-05T06:30+02:00,2452,2972,76.81
2026-01-05T06:45+02:00,2452,2972,78.32
2026-01-05T07:00+02:00,2895,3077,79.66
2026-01-05T07:15+02:00,2895,3077,83.45
2026-01-05T07:30+02:00,2895,3077,85.99
2026-01-05T07:45+02:00,2895,3077,87.12
2026-01-05T08:00+02:00,3230,3283,87.69
2026-01-05T08:15+02:00,3230,3283,88.22
2026-01-05T08:30+02:00,3230,3283,88
2026-01-05T08:45+02:00,3230,3283,87.31
2026-01-05T09:00+02:00,3333,3911,89.19
2026-01-05T09:15+02:00,3333,3911,87.88
2026-01-05T09:30+02:00,3333,3911,86.37
2026-01-05T09:45+02:00,3333,3911,83.81
2026-01-05T10:00+02:00,2955,4462,87.05
2026-01-05T10:15+02:00,2955,4462,83.8
2026-01-05T10:30+02:00,2955,4462,80.88
2026-01-05T10:45+02:00,2955,4462,76.04
2026-01-05T11:00+02:00,3059,4539,77.04
2026-01-05T11:15+02:00,3059,4539,76.31
2026-01-05T11:30+02:00,3059,4539,75.35
2026-01-05T11:45+02:00,3059,4539,65
2026-01-05T12:00+02:00,3245,4732,76.3
2026-01-05T12:15+02:00,3245,4732,76.15
2026-01-05T12:30+02:00,3245,4732,76.21
2026-01-05T12:45+02:00,3245,4732,76.64
2026-01-05T13:00+02:00,3386,4671,75.75
2026-01-05T13:15+02:00,3386,4671,76.47
2026-01-05T13:30+02:00,3386,4671,77.51
2026-01-05T13:45+02:00,3386,4671,78.52
2026-01-05T14:00+02:00,3383,4486,78.04
2026-01-05T14:15+02:00,3383,4486,78.62
2026-01-05T14:30+02:00,3383,4486,80.21
2026-01-05T14:45+02:00,3383,4486,82.71
2026-01-05T15:00+02:00,3474,4083,77.51
2026-01-05T15:15+02:00,3474,4083,78.35
2026-01-05T15:30+02:00,3474,4083,79.29
2026-01-05T15:45+02:00,3474,4083,81.32
2026-01-05T16:00+02:00,3745,3708,82.89
2026-01-05T16:15+02:00,3745,3708,87.28
2026-01-05T16:30+02:00,3745,3708,88.51
2026-01-05T16:45+02:00,3745,3708,92.33
2026-01-05T17:00+02:00,4148,3516,94.58
2026-01-05T17:15+02:00,4148,3516,95.82
2026-01-05T17:30+02:00,4148,3516,97.34
2026-01-05T17:45+02:00,4148,3516,100.15
2026-01-05T18:00+02:00,4292,3693,105.14
2026-01-05T18:15+02:00,4292,3693,108.12
2026-01-05T18:30+02:00,4292,3693,103.36
2026-01-05T18:45+02:00,4292,3693,104.21
2026-01-05T19:00+02:00,3905,3692,96.28
2026-01-05T19:15+02:00,3905,3692,95.52
2026-01-05T19:30+02:00,3905,3692,95.5
2026-01-05T19:45+02:00,3905,3692,95.13
2026-01-05T20:00+02:00,3873,3600,94.84
2026-01-05T20:15+02:00,3873,3600,95.11
2026-01-05T20:30+02:00,3873,3600,94.17
2026-01-05T20:45+02:00,3873,3600,91.54
2026-01-05T21:00+02:00,3665,3489,90.08
2026-01-05T21:15+02:00,3665,3489,91.31
2026-01-05T21:30+02:00,3665,3489,92.89
2026-01-05T21:45+02:00,3665,3489,90.12
2026-01-05T22:00+02:00,3291,3450,89.33
2026-01-05T22:15+02:00,3291,3450,88.61
2026-01-05T22:30+02:00,3291,3450,87.64
2026-01-05T22:45+02:00,3291,3450,86.17
2026-01-05T23:00+02:00,3426,3127,85.99
2026-01-05T23:15+02:00,3426,3127,86
2026-01-05T23:30+02:00,3426,3127,85.19
2026-01-05T23:45+02:00,3426,3127,81.64
2026-01-06T00:00+02:00,3102,3049,78.68
2026-01-06T00:15+02:00,3102,3049,76.83
2026-01-06T00:30+02:00,3102,3049,76.2
2026-01-06T00:45+02:00,3102,3049,74.62
2026-01-06T01:00+02:00,3016,2987,85.61
2026-01-06T01:15+02:00,3016,2987,84.4
2026-01-06T01:30+02:00,3016,2987,82
2026-01-06T01:45+02:00,3016,2987,84.51
2026-01-06T02:00+02:00,2841,3006,84.92
2026-01-06T02:15+02:00,2841,3006,84.82
2026-01-06T02:30+02:00,2841,3006,83.94
2026-01-06T02:45+02:00,2841,3006,84
2026-01-06T03:00+02:00,2785,2884,84.3
2026-01-06T03:15+02:00,2785,2884,84.03
2026-01-06T03:30+02:00,2785,2884,84.11
2026-01-06T03:45+02:00,2785,2884,82.99
2026-01-06T04:00+02:00,2656,2804,77.99
2026-01-06T04:15+02:00,2656,2804,85.98
2026-01-06T04:30+02:00,2656,2804,86.08
2026-01-06T04:45+02:00,2656,2804,86.23
2026-01-06T05:00+02:00,2927,2919,86.57
2026-01-06T05:15+02:00,2927,2919,86.77
2026-01-06T05:30+02:00,2927,2919,87.2
2026-01-06T05:45+02:00,2927,2919,87.9
2026-01-06T06:00+02:00,2563,3065,89.18
2026-01-06T06:15+02:00,2563,3065,90.86
2026-01-06T06:30+02:00,2563,3065,90.71
2026-01-06T06:45+02:00,2563,3065,96.55
2026-01-06T07:00+02:00,2571,3180,91
2026-01-06T07:15+02:00,2571,3180,95.4
2026-01-06T07:30+02:00,2571,3180,90.05
2026-01-06T07:45+02:00,2571,3180,91.21
2026-01-06T08:00+02:00,2492,3598,97.61
2026-01-06T08:15+02:00,2492,3598,96.28
2026-01-06T08:30+02:00,2492,3598,95.06
2026-01-06T08:45+02:00,2492,3598,89.82
2026-01-06T09:00+02:00,2064,4356,88.15
2026-01-06T09:15+02:00,2064,4356,86.45
2026-01-06T09:30+02:00,2064,4356,82.06
2026-01-06T09:45+02:00,2064,4356,41.75
2026-01-06T10:00+02:00,1773,5177,86.73
2026-01-06T10:15+02:00,1773,5177,81.59
2026-01-06T10:30+02:00,1773,5177,75.74
2026-01-06T10:45+02:00,1773,5177,60
2026-01-06T11:00+02:00,1466,6055,81.47
2026-01-06T11:15+02:00,1466,6055,70
2026-01-06T11:30+02:00,1466,6055,60
2026-01-06T11:45+02:00,1466,6055,60
2026-01-06T12:00+02:00,1743,5980,60
2026-01-06T12:15+02:00,1743,5980,75.62
2026-01-06T12:30+02:00,1743,5980,65.85
2026-01-06T12:45+02:00,1743,5980,68.26
2026-01-06T13:00+02:00,2004,5839,52.5
2026-01-06T13:15+02:00,2004,5839,69.59
2026-01-06T13:30+02:00,2004,5839,75.76
2026-01-06T13:45+02:00,2004,5839,77.01
2026-01-06T14:00+02:00,2300,5190,76.43
2026-01-06T14:15+02:00,2300,5190,79.04
2026-01-06T14:30+02:00,2300,5190,85.15
2026-01-06T14:45+02:00,2300,5190,86.32
2026-01-06T15:00+02:00,3008,4143,82
2026-01-06T15:15+02:00,3008,4143,85.44
2026-01-06T15:30+02:00,3008,4143,86.32
2026-01-06T15:45+02:00,3008,4143,89.87
2026-01-06T16:00+02:00,3407,3344,83.05
2026-01-06T16:15+02:00,3407,3344,86.05
2026-01-06T16:30+02:00,3407,3344,86.12
2026-01-06T16:45+02:00,3407,3344,88.91
2026-01-06T17:00+02:00,3744,3347,88.6
2026-01-06T17:15+02:00,3744,3347,89.09
2026-01-06T17:30+02:00,3744,3347,90.97
2026-01-06T17:45+02:00,3744,3347,94.08
2026-01-06T18:00+02:00,3920,3595,98.45
2026-01-06T18:15+02:00,3920,3595,98.6
2026-01-06T18:30+02:00,3920,3595,95.89
2026-01-06T18:45+02:00,3920,3595,94.94
2026-01-06T19:00+02:00,3546,3894,94
2026-01-06T19:15+02:00,3546,3894,93.82
2026-01-06T19:30+02:00,3546,3894,94.99
2026-01-06T19:45+02:00,3546,3894,96.35
2026-01-06T20:00+02:00,3438,3904,91.19
2026-01-06T20:15+02:00,3438,3904,92.18
2026-01-06T20:30+02:00,3438,3904,91.6
2026-01-06T20:45+02:00,3438,3904,90.9
2026-01-06T21:00+02:00,3404,3748,92.51
2026-01-06T21:15+02:00,3404,3748,93.64
2026-01-06T21:30+02:00,3404,3748,96.99
2026-01-06T21:45+02:00,3404,3748,95.59
2026-01-06T22:00+02:00,3457,3456,96.45
2026-01-06T22:15+02:00,3457,3456,94.33
2026-01-06T22:30+02:00,3457,3456,96.48
2026-01-06T22:45+02:00,3457,3456,93.71
2026-01-06T23:00+02:00,3392,3314,93.94
2026-01-06T23:15+02:00,3392,3314,91
2026-01-06T23:30+02:00,3392,3314,89.64
2026-01-06T23:45+02:00,3392,3314,88.86
2026-01-07T00:00+02:00,2942,3305,87.85
2026-01-07T00:15+02:00,2942,3305,86.95
2026-01-07T00:30+02:00,2942,3305,86.49
2026-01-07T00:45+02:00,2942,3305,84.7
2026-01-07T01:00+02:00,2683,3107,85.57
2026-01-07T01:15+02:00,2683,3107,84.4
2026-01-07T01:30+02:00,2683,3107,82.01
2026-01-07T01:45+02:00,2683,3107,83.69
2026-01-07T02:00+02:00,2745,2940,84.13
2026-01-07T02:15+02:00,2745,2940,83.78
2026-01-07T02:30+02:00,2745,2940,83.01
2026-01-07T02:45+02:00,2745,2940,83.24
2026-01-07T03:00+02:00,2616,2991,81.6
2026-01-07T03:15+02:00,2616,2991,81.4
2026-01-07T03:30+02:00,2616,2991,81.3
2026-01-07T03:45+02:00,2616,2991,81.32
2026-01-07T04:00+02:00,2649,2863,81.09
2026-01-07T04:15+02:00,2649,2863,81.93
2026-01-07T04:30+02:00,2649,2863,81.19
2026-01-07T04:45+02:00,2649,2863,80.78
2026-01-07T05:00+02:00,2797,2725,81.04
2026-01-07T05:15+02:00,2797,2725,81.75
2026-01-07T05:30+02:00,2797,2725,86.61
2026-01-07T05:45+02:00,2797,2725,89.39
2026-01-07T06:00+02:00,3202,2890,85.73
2026-01-07T06:15+02:00,3202,2890,87.44
2026-01-07T06:30+02:00,3202,2890,87.57
2026-01-07T06:45+02:00,3202,2890,90.39
2026-01-07T07:00+02:00,3461,3210,99.46
2026-01-07T07:15+02:00,3461,3210,115.52
2026-01-07T07:30+02:00,3461,3210,116.55
2026-01-07T07:45+02:00,3461,3210,134.71
2026-01-07T08:00+02:00,3390,3787,127.61
2026-01-07T08:15+02:00,3390,3787,121.74
2026-01-07T08:30+02:00,3390,3787,108.25
2026-01-07T08:45+02:00,3390,3787,98.37
2026-01-07T09:00+02:00,3115,4742,90.9
2026-01-07T09:15+02:00,3115,4742,86.51
2026-01-07T09:30+02:00,3115,4742,87.8
2026-01-07T09:45+02:00,3115,4742,87.57
2026-01-07T10:00+02:00,2650,5457,87.05
2026-01-07T10:15+02:00,2650,5457,85.13
2026-01-07T10:30+02:00,2650,5457,81.47
2026-01-07T10:45+02:00,2650,5457,81.72
2026-01-07T11:00+02:00,1905,6638,85.86
2026-01-07T11:15+02:00,1905,6638,82.05
2026-01-07T11:30+02:00,1905,6638,73.96
2026-01-07T11:45+02:00,1905,6638,65
2026-01-07T12:00+02:00,1725,7069,65
2026-01-07T12:15+02:00,1725,7069,65
2026-01-07T12:30+02:00,1725,7069,65
2026-01-07T12:45+02:00,1725,7069,65
2026-01-07T13:00+02:00,1901,6800,65
2026-01-07T13:15+02:00,1901,6800,69.59
2026-01-07T13:30+02:00,1901,6800,79.66
2026-01-07T13:45+02:00,1901,6800,84.65
2026-01-07T14:00+02:00,2368,5975,85.87
2026-01-07T14:15+02:00,2368,5975,87.01
2026-01-07T14:30+02:00,2368,5975,86.69
2026-01-07T14:45+02:00,2368,5975,88.3
2026-01-07T15:00+02:00,2875,5075,86.78
2026-01-07T15:15+02:00,2875,5075,94.97
2026-01-07T15:30+02:00,2875,5075,116.47
2026-01-07T15:45+02:00,2875,5075,138.5
2026-01-07T16:00+02:00,3732,4087,88.57
2026-01-07T16:15+02:00,3732,4087,90.91
2026-01-07T16:30+02:00,3732,4087,93.9
2026-01-07T16:45+02:00,3732,4087,96.55
2026-01-07T17:00+02:00,3979,4023,103.42
2026-01-07T17:15+02:00,3979,4023,110.67
2026-01-07T17:30+02:00,3979,4023,108.72
2026-01-07T17:45+02:00,3979,4023,106.38
2026-01-07T18:00+02:00,3890,4288,111.18
2026-01-07T18:15+02:00,3890,4288,114.49
2026-01-07T18:30+02:00,3890,4288,113.88
2026-01-07T18:45+02:00,3890,4288,103.63
2026-01-07T19:00+02:00,3669,4462,97.01
2026-01-07T19:15+02:00,3669,4462,96.64
2026-01-07T19:30+02:00,3669,4462,92.43
2026-01-07T19:45+02:00,3669,4462,91.28
2026-01-07T20:00+02:00,3503,4272,90.9
2026-01-07T20:15+02:00,3503,4272,95.53
2026-01-07T20:30+02:00,3503,4272,96.89
2026-01-07T20:45+02:00,3503,4272,92.17
2026-01-07T21:00+02:00,3706,4307,96.36
2026-01-07T21:15+02:00,3706,4307,96.79
2026-01-07T21:30+02:00,3706,4307,97.38
2026-01-07T21:45+02:00,3706,4307,95.22
2026-01-07T22:00+02:00,3801,4083,96.02
2026-01-07T22:15+02:00,3801,4083,93.59
2026-01-07T22:30+02:00,3801,4083,91.71
2026-01-07T22:45+02:00,3801,4083,89.79
2026-01-07T23:00+02:00,3315,4027,87.94
2026-01-07T23:15+02:00,3315,4027,86.38
2026-01-07T23:30+02:00,3315,4027,85.81
2026-01-07T23:45+02:00,3315,4027,84.71
2026-01-08T00:00+02:00,2802,4110,83.6
2026-01-08T00:15+02:00,2802,4110,85.91
2026-01-08T00:30+02:00,2802,4110,85.18
2026-01-08T00:45+02:00,2802,4110,84.1
2026-01-08T01:00+02:00,2412,4061,68.35
2026-01-08T01:15+02:00,2412,4061,73
2026-01-08T01:30+02:00,2412,4061,73
2026-01-08T01:45+02:00,2412,4061,73
2026-01-08T02:00+02:00,2383,3919,77.92
2026-01-08T02:15+02:00,2383,3919,77.79
2026-01-08T02:30+02:00,2383,3919,75.61
2026-01-08T02:45+02:00,2383,3919,74.99
2026-01-08T03:00+02:00,2350,3816,78.35
2026-01-08T03:15+02:00,2350,3816,78.1
2026-01-08T03:30+02:00,2350,3816,78.04
2026-01-08T03:45+02:00,2350,3816,78.02
2026-01-08T04:00+02:00,2257,3868,77.91
2026-01-08T04:15+02:00,2257,3868,79.91
2026-01-08T04:30+02:00,2257,3868,80
2026-01-08T04:45+02:00,2257,3868,80.16
2026-01-08T05:00+02:00,2223,3935,78.7
2026-01-08T05:15+02:00,2223,3935,79.48
2026-01-08T05:30+02:00,2223,3935,80.43
2026-01-08T05:45+02:00,2223,3935,81.71
2026-01-08T06:00+02:00,2757,3843,85.26
2026-01-08T06:15+02:00,2757,3843,87.95
2026-01-08T06:30+02:00,2757,3843,86.14
2026-01-08T06:45+02:00,2757,3843,95.73
2026-01-08T07:00+02:00,3317,4110,94.52
2026-01-08T07:15+02:00,3317,4110,96.88
2026-01-08T07:30+02:00,3317,4110,97.33
2026-01-08T07:45+02:00,3317,4110,102.55
2026-01-08T08:00+02:00,3423,4684,108.05
2026-01-08T08:15+02:00,3423,4684,97.07
2026-01-08T08:30+02:00,3423,4684,87.57
2026-01-08T08:45+02:00,3423,4684,83.26
2026-01-08T09:00+02:00,2346,6329,84.99
2026-01-08T09:15+02:00,2346,6329,78.4
2026-01-08T09:30+02:00,2346,6329,67.16
2026-01-08T09:45+02:00,2346,6329,0.01
2026-01-08T10:00+02:00,1683,7672,69.14
2026-01-08T10:15+02:00,1683,7672,0.01
2026-01-08T10:30+02:00,1683,7672,0
2026-01-08T10:45+02:00,1683,7672,0
2026-01-08T11:00+02:00,1680,7844,0
2026-01-08T11:15+02:00,1680,7844,0
2026-01-08T11:30+02:00,1680,7844,0
2026-01-08T11:45+02:00,1680,7844,0
2026-01-08T12:00+02:00,1367,7918,0
2026-01-08T12:15+02:00,1367,7918,0
2026-01-08T12:30+02:00,1367,7918,0
2026-01-08T12:45+02:00,1367,7918,0
2026-01-08T13:00+02:00,1215,8152,0
2026-01-08T13:15+02:00,1215,8152,0
2026-01-08T13:30+02:00,1215,8152,0
2026-01-08T13:45+02:00,1215,8152,0
2026-01-08T14:00+02:00,1499,7724,0
2026-01-08T14:15+02:00,1499,7724,0
2026-01-08T14:30+02:00,1499,7724,0.01
2026-01-08T14:45+02:00,1499,7724,0.2
2026-01-08T15:00+02:00,2175,6588,0
2026-01-08T15:15+02:00,2175,6588,31.82
2026-01-08T15:30+02:00,2175,6588,79.41
2026-01-08T15:45+02:00,2175,6588,83.26
2026-01-08T16:00+02:00,3525,4633,66.28
2026-01-08T16:15+02:00,3525,4633,80.8
2026-01-08T16:30+02:00,3525,4633,80.42
2026-01-08T16:45+02:00,3525,4633,85.23
2026-01-08T17:00+02:00,4576,3792,85.12
2026-01-08T17:15+02:00,4576,3792,90.09
2026-01-08T17:30+02:00,4576,3792,90.54
2026-01-08T17:45+02:00,4576,3792,91.59
2026-01-08T18:00+02:00,4658,3967,99.66
2026-01-08T18:15+02:00,4658,3967,119.16
2026-01-08T18:30+02:00,4658,3967,124.69
2026-01-08T18:45+02:00,4658,3967,119.38
2026-01-08T19:00+02:00,4531,4000,111.43
2026-01-08T19:15+02:00,4531,4000,117.76
2026-01-08T19:30+02:00,4531,4000,118.62
2026-01-08T19:45+02:00,4531,4000,119.17
2026-01-08T20:00+02:00,4661,3881,122.64
2026-01-08T20:15+02:00,4661,3881,145.82
2026-01-08T20:30+02:00,4661,3881,159.67
2026-01-08T20:45+02:00,4661,3881,149.62
2026-01-08T21:00+02:00,4638,3601,163.42
2026-01-08T21:15+02:00,4638,3601,127.87
2026-01-08T21:30+02:00,4638,3601,118.71
2026-01-08T21:45+02:00,4638,3601,98.8
2026-01-08T22:00+02:00,4493,3528,118.47
2026-01-08T22:15+02:00,4493,3528,99.77
2026-01-08T22:30+02:00,4493,3528,96.47
2026-01-08T22:45+02:00,4493,3528,102.84
2026-01-08T23:00+02:00,4296,3243,109.19
2026-01-08T23:15+02:00,4296,3243,99.04
2026-01-08T23:30+02:00,4296,3243,96.14
2026-01-08T23:45+02:00,4296,3243,94.21
2026-01-09T00:00+02:00,4188,2931,105.99
2026-01-09T00:15+02:00,4188,2931,96.87
2026-01-09T00:30+02:00,4188,2931,94.77
2026-01-09T00:45+02:00,4188,2931,89.68
2026-01-09T01:00+02:00,3975,2686,90
2026-01-09T01:15+02:00,3975,2686,90
2026-01-09T01:30+02:00,3975,2686,90
2026-01-09T01:45+02:00,3975,2686,90
2026-01-09T02:00+02:00,3765,2746,89.27
2026-01-09T02:15+02:00,3765,2746,89.36
2026-01-09T02:30+02:00,3765,2746,89.33
2026-01-09T02:45+02:00,3765,2746,89.33
2026-01-09T03:00+02:00,3569,2673,90
2026-01-09T03:15+02:00,3569,2673,90
2026-01-09T03:30+02:00,3569,2673,90
2026-01-09T03:45+02:00,3569,2673,90
2026-01-09T04:00+02:00,3708,2535,86.63
2026-01-09T04:15+02:00,3708,2535,87.07
2026-01-09T04:30+02:00,3708,2535,87.62
2026-01-09T04:45+02:00,3708,2535,88.5
2026-01-09T05:00+02:00,3767,2578,88.81
2026-01-09T05:15+02:00,3767,2578,90
2026-01-09T05:30+02:00,3767,2578,91.73
2026-01-09T05:45+02:00,3767,2578,97.7
2026-01-09T06:00+02:00,4151,2614,101.04
2026-01-09T06:15+02:00,4151,2614,105.58
2026-01-09T06:30+02:00,4151,2614,110.7
2026-01-09T06:45+02:00,4151,2614,122.9
2026-01-09T07:00+02:00,4275,2900,96.31
2026-01-09T07:15+02:00,4275,2900,127.23
2026-01-09T07:30+02:00,4275,2900,139.9
2026-01-09T07:45+02:00,4275,2900,150
2026-01-09T08:00+02:00,4137,3773,176.98
2026-01-09T08:15+02:00,4137,3773,182.25
2026-01-09T08:30+02:00,4137,3773,100.81
2026-01-09T08:45+02:00,4137,3773,117.8
2026-01-09T09:00+02:00,3869,5122,153.9
2026-01-09T09:15+02:00,3869,5122,108.65
2026-01-09T09:30+02:00,3869,5122,88.97
2026-01-09T09:45+02:00,3869,5122,78.57
2026-01-09T10:00+02:00,3277,5827,81.71
2026-01-09T10:15+02:00,3277,5827,79.72
2026-01-09T10:30+02:00,3277,5827,84.99
2026-01-09T10:45+02:00,3277,5827,81.92
2026-01-09T11:00+02:00,2898,6085,80.79
2026-01-09T11:15+02:00,2898,6085,80
2026-01-09T11:30+02:00,2898,6085,56.04
2026-01-09T11:45+02:00,2898,6085,80
2026-01-09T12:00+02:00,2840,5842,79.78
2026-01-09T12:15+02:00,2840,5842,79.85
2026-01-09T12:30+02:00,2840,5842,80
2026-01-09T12:45+02:00,2840,5842,80
2026-01-09T13:00+02:00,2584,6101,80
2026-01-09T13:15+02:00,2584,6101,81.17
2026-01-09T13:30+02:00,2584,6101,81.76
2026-01-09T13:45+02:00,2584,6101,89.22
2026-01-09T14:00+02:00,2485,5923,81.93
2026-01-09T14:15+02:00,2485,5923,90
2026-01-09T14:30+02:00,2485,5923,106
2026-01-09T14:45+02:00,2485,5923,123.61
2026-01-09T15:00+02:00,2983,5043,84.27
2026-01-09T15:15+02:00,2983,5043,106.44
2026-01-09T15:30+02:00,2983,5043,123.52
2026-01-09T15:45+02:00,2983,5043,127.32
2026-01-09T16:00+02:00,3841,4310,110
2026-01-09T16:15+02:00,3841,4310,126.85
2026-01-09T16:30+02:00,3841,4310,129.29
2026-01-09T16:45+02:00,3841,4310,154.61
2026-01-09T17:00+02:00,4549,4113,130.65
2026-01-09T17:15+02:00,4549,4113,161.99
2026-01-09T17:30+02:00,4549,4113,150.71
2026-01-09T17:45+02:00,4549,4113,131.1
2026-01-09T18:00+02:00,4611,4386,131.74
2026-01-09T18:15+02:00,4611,4386,145.45
2026-01-09T18:30+02:00,4611,4386,141.15
2026-01-09T18:45+02:00,4611,4386,123.91
2026-01-09T19:00+02:00,4687,4322,151.51
2026-01-09T19:15+02:00,4687,4322,131.74
2026-01-09T19:30+02:00,4687,4322,130.11
2026-01-09T19:45+02:00,4687,4322,121.64
2026-01-09T20:00+02:00,4775,4081,128.58
2026-01-09T20:15+02:00,4775,4081,120.07
2026-01-09T20:30+02:00,4775,4081,152.82
2026-01-09T20:45+02:00,4775,4081,118.72
2026-01-09T21:00+02:00,4495,3991,159.86
2026-01-09T21:15+02:00,4495,3991,125.26
2026-01-09T21:30+02:00,4495,3991,114.54
2026-01-09T21:45+02:00,4495,3991,105.99
2026-01-09T22:00+02:00,4439,3749,114.95
2026-01-09T22:15+02:00,4439,3749,136.34
2026-01-09T22:30+02:00,4439,3749,129.98
2026-01-09T22:45+02:00,4439,3749,123.45
2026-01-09T23:00+02:00,4111,3546,130.71
2026-01-09T23:15+02:00,4111,3546,109.62
2026-01-09T23:30+02:00,4111,3546,105.99
2026-01-09T23:45+02:00,4111,3546,99.18
2026-01-10T00:00+02:00,3717,3419,102.11
2026-01-10T00:15+02:00,3717,3419,97.4
2026-01-10T00:30+02:00,3717,3419,95.1
2026-01-10T00:45+02:00,3717,3419,93.39
2026-01-10T01:00+02:00,2405,3874,75.01
2026-01-10T01:15+02:00,2405,3874,78.48
2026-01-10T01:30+02:00,2405,3874,79.91
2026-01-10T01:45+02:00,2405,3874,78.98
2026-01-10T02:00+02:00,2408,3706,79.9
2026-01-10T02:15+02:00,2408,3706,82.43
2026-01-10T02:30+02:00,2408,3706,80.08
2026-01-10T02:45+02:00,2408,3706,79.9
2026-01-10T03:00+02:00,2255,3637,80.13
2026-01-10T03:15+02:00,2255,3637,79.91
2026-01-10T03:30+02:00,2255,3637,82.24
2026-01-10T03:45+02:00,2255,3637,81.34
2026-01-10T04:00+02:00,2195,3624,85.31
2026-01-10T04:15+02:00,2195,3624,85.19
2026-01-10T04:30+02:00,2195,3624,85.17
2026-01-10T04:45+02:00,2195,3624,85.28
2026-01-10T05:00+02:00,2160,3668,84.84
2026-01-10T05:15+02:00,2160,3668,84.96
2026-01-10T05:30+02:00,2160,3668,85.16
2026-01-10T05:45+02:00,2160,3668,85.59
2026-01-10T06:00+02:00,2216,3824,86.42
2026-01-10T06:15+02:00,2216,3824,86.58
2026-01-10T06:30+02:00,2216,3824,85.95
2026-01-10T06:45+02:00,2216,3824,50
2026-01-10T07:00+02:00,1833,4321,76.4
2026-01-10T07:15+02:00,1833,4321,84.07
2026-01-10T07:30+02:00,1833,4321,85
2026-01-10T07:45+02:00,1833,4321,85.77
2026-01-10T08:00+02:00,2385,4618,113.62
2026-01-10T08:15+02:00,2385,4618,112.62
2026-01-10T08:30+02:00,2385,4618,101.38
2026-01-10T08:45+02:00,2385,4618,94.55
2026-01-10T09:00+02:00,2397,5383,85.12
2026-01-10T09:15+02:00,2397,5383,77.21
2026-01-10T09:30+02:00,2397,5383,76.64
2026-01-10T09:45+02:00,2397,5383,120.96
2026-01-10T10:00+02:00,1705,5853,87.75
2026-01-10T10:15+02:00,1705,5853,88.23
2026-01-10T10:30+02:00,1705,5853,86.77
2026-01-10T10:45+02:00,1705,5853,85
2026-01-10T11:00+02:00,1559,5953,74.75
2026-01-10T11:15+02:00,1559,5953,70
2026-01-10T11:30+02:00,1559,5953,54.01
2026-01-10T11:45+02:00,1559,5953,52.5
2026-01-10T12:00+02:00,1947,6035,70
2026-01-10T12:15+02:00,1947,6035,70
2026-01-10T12:30+02:00,1947,6035,70
2026-01-10T12:45+02:00,1947,6035,70
2026-01-10T13:00+02:00,2083,5908,70
2026-01-10T13:15+02:00,2083,5908,64.34
2026-01-10T13:30+02:00,2083,5908,70
2026-01-10T13:45+02:00,2083,5908,70
2026-01-10T14:00+02:00,2075,5763,70
2026-01-10T14:15+02:00,2075,5763,70
2026-01-10T14:30+02:00,2075,5763,60.55
2026-01-10T14:45+02:00,2075,5763,46.95
2026-01-10T15:00+02:00,2369,5264,80
2026-01-10T15:15+02:00,2369,5264,79.66
2026-01-10T15:30+02:00,2369,5264,69.52
2026-01-10T15:45+02:00,2369,5264,50
2026-01-10T16:00+02:00,,2658,82.8
2026-01-10T16:15+02:00,,2658,85.76
2026-01-10T16:30+02:00,,2658,88.99
2026-01-10T16:45+02:00,,2658,93.25
2026-01-10T17:00+02:00,,2849,99.8
2026-01-10T17:15+02:00,,2849,107.27
2026-01-10T17:30+02:00,,2849,115.31
2026-01-10T17:45+02:00,,2849,112.83
2026-01-10T18:00+02:00,3270,3856,120
2026-01-10T18:15+02:00,3270,3856,115.32
2026-01-10T18:30+02:00,3270,3856,118.21
2026-01-10T18:45+02:00,3270,3856,145.54
2026-01-10T19:00+02:00,3811,4245,114
2026-01-10T19:15+02:00,3811,4245,114.23
2026-01-10T19:30+02:00,3811,4245,114.03
2026-01-10T19:45+02:00,3811,4245,114.49
2026-01-10T20:00+02:00,3688,4164,113.92
2026-01-10T20:15+02:00,3688,4164,113.34
2026-01-10T20:30+02:00,3688,4164,112.42
2026-01-10T20:45+02:00,3688,4164,103.74
2026-01-10T21:00+02:00,3549,4081,97.39
2026-01-10T21:15+02:00,3549,4081,95.04
2026-01-10T21:30+02:00,3549,4081,93.82
2026-01-10T21:45+02:00,3549,4081,89.91
2026-01-10T22:00+02:00,3340,1387,88.06
2026-01-10T22:15+02:00,3340,1387,86.09
2026-01-10T22:30+02:00,3340,1387,85.33
2026-01-10T22:45+02:00,3340,1387,86.03
2026-01-10T23:00+02:00,2974,1246,82.29
2026-01-10T23:15+02:00,2974,1246,85
2026-01-10T23:30+02:00,2974,1246,84.01
2026-01-10T23:45+02:00,2974,1246,81.47
2026-01-11T00:00+02:00,2439,3927,77.7
2026-01-11T00:15+02:00,2439,3927,74.58
2026-01-11T00:30+02:00,2439,3927,52
2026-01-11T00:45+02:00,2439,3927,50
2026-01-11T01:00+02:00,2865,2959,85.2
2026-01-11T01:15+02:00,2865,2959,85.03
2026-01-11T01:30+02:00,2865,2959,81.65
2026-01-11T01:45+02:00,2865,2959,81.05
2026-01-11T02:00+02:00,2884,2992,84.32
2026-01-11T02:15+02:00,2884,2992,84.36
2026-01-11T02:30+02:00,2884,2992,84.14
2026-01-11T02:45+02:00,2884,2992,83.04
2026-01-11T03:00+02:00,2652,2909,83.59
2026-01-11T03:15+02:00,2652,2909,81.81
2026-01-11T03:30+02:00,2652,2909,81.61
2026-01-11T03:45+02:00,2652,2909,81.56
2026-01-11T04:00+02:00,2748,2747,84.18
2026-01-11T04:15+02:00,2748,2747,84.52
2026-01-11T04:30+02:00,2748,2747,84.56
2026-01-11T04:45+02:00,2748,2747,85.62
2026-01-11T05:00+02:00,2687,2729,85.04
2026-01-11T05:15+02:00,2687,2729,83.03
2026-01-11T05:30+02:00,2687,2729,81.42
2026-01-11T05:45+02:00,2687,2729,81.23
2026-01-11T06:00+02:00,2680,2841,81.64
2026-01-11T06:15+02:00,2680,2841,81.64
2026-01-11T06:30+02:00,2680,2841,82.2
2026-01-11T06:45+02:00,2680,2841,83.56
2026-01-11T07:00+02:00,2690,2724,80.93
2026-01-11T07:15+02:00,2690,2724,81.64
2026-01-11T07:30+02:00,2690,2724,81.64
2026-01-11T07:45+02:00,2690,2724,82.2
2026-01-11T08:00+02:00,2943,3315,81.13
2026-01-11T08:15+02:00,2943,3315,82.46
2026-01-11T08:30+02:00,2943,3315,85.68
2026-01-11T08:45+02:00,2943,3315,87.33
2026-01-11T09:00+02:00,2535,4476,86.17
2026-01-11T09:15+02:00,2535,4476,84.86
2026-01-11T09:30+02:00,2535,4476,81.92
2026-01-11T09:45+02:00,2535,4476,53.5
2026-01-11T10:00+02:00,1780,5583,53.5
2026-01-11T10:15+02:00,1780,5583,53.5
2026-01-11T10:30+02:00,1780,5583,53.5
2026-01-11T10:45+02:00,1780,5583,50
2026-01-11T11:00+02:00,1780,5869,43.87
2026-01-11T11:15+02:00,1780,5869,52.5
2026-01-11T11:30+02:00,1780,5869,52.5
2026-01-11T11:45+02:00,1780,5869,81.47
2026-01-11T12:00+02:00,1820,6000,50
2026-01-11T12:15+02:00,1820,6000,81.28
2026-01-11T12:30+02:00,1820,6000,85.85
2026-01-11T12:45+02:00,1820,6000,90.84
2026-01-11T13:00+02:00,,5095,91.47
2026-01-11T13:15+02:00,,5095,98.61
2026-01-11T13:30+02:00,,5095,98.33
2026-01-11T13:45+02:00,,5095,92.99
2026-01-11T14:00+02:00,,,99.2
2026-01-11T14:15+02:00,,,93.9
2026-01-11T14:30+02:00,,,88.83
2026-01-11T14:45+02:00,,,82.86
2026-01-11T15:00+02:00,,,85.74
2026-01-11T15:15+02:00,,,86.03
2026-01-11T15:30+02:00,,,85.44
2026-01-11T15:45+02:00,,,86.38
2026-01-11T16:00+02:00,,,85.45
2026-01-11T16:15+02:00,,,85.94
2026-01-11T16:30+02:00,,,87.02
2026-01-11T16:45+02:00,,,89.91
2026-01-11T17:00+02:00,,,99.35
2026-01-11T17:15+02:00,,,114.59
2026-01-11T17:30+02:00,,,121.59
2026-01-11T17:45+02:00,,,127.36
2026-01-11T18:00+02:00,,,120
2026-01-11T18:15+02:00,,,120.38
2026-01-11T18:30+02:00,,,125.63
2026-01-11T18:45+02:00,,,120.93
2026-01-11T19:00+02:00,,,120.09
2026-01-11T19:15+02:00,,,120.25
2026-01-11T19:30+02:00,,,123.87
2026-01-11T19:45+02:00,,,120.84
2026-01-11T20:00+02:00,,,130.15
2026-01-11T20:15+02:00,,,126.61
2026-01-11T20:30+02:00,,,120.27
2026-01-11T20:45+02:00,,,117.19
2026-01-11T21:00+02:00,,,120.24
2026-01-11T21:15+02:00,,,115.88
2026-01-11T21:30+02:00,,,113.14
2026-01-11T21:45+02:00,,,102.06
2026-01-11T22:00+02:00,,,87.91
2026-01-11T22:15+02:00,,,87.04
2026-01-11T22:30+02:00,,,86.67
2026-01-11T22:45+02:00,,,86.39
2026-01-11T23:00+02:00,,,84.32
2026-01-11T23:15+02:00,,,84.01
2026-01-11T23:30+02:00,,,81.99
2026-01-11T23:45+02:00,,,83.91
2026-01-12T00:00+02:00,,,81.47
2026-01-12T00:15+02:00,,,81.09
2026-01-12T00:30+02:00,,,79.31
2026-01-12T00:45+02:00,,,80.26
2026-01-12T01:00+02:00,,,84.22
2026-01-12T01:15+02:00,,,82.16
2026-01-12T01:30+02:00,,,81.36
2026-01-12T01:45+02:00,,,80.6
2026-01-12T02:00+02:00,,,80.44
2026-01-12T02:15+02:00,,,80.4
2026-01-12T02:30+02:00,,,80.68
2026-01-12T02:45+02:00,,,81.17
2026-01-12T03:00+02:00,,,84.82
2026-01-12T03:15+02:00,,,84.61
2026-01-12T03:30+02:00,,,84.53
2026-01-12T03:45+02:00,,,84.19
2026-01-12T04:00+02:00,,,79.81
2026-01-12T04:15+02:00,,,78.98
2026-01-12T04:30+02:00,,,79.2
2026-01-12T04:45+02:00,,,79.62
2026-01-12T05:00+02:00,,,80.35
2026-01-12T05:15+02:00,,,80.64
2026-01-12T05:30+02:00,,,81.31
2026-01-12T05:45+02:00,,,82.67
2026-01-12T06:00+02:00,,,81.87
2026-01-12T06:15+02:00,,,83.65
2026-01-12T06:30+02:00,,,84.13
2026-01-12T06:45+02:00,,,86.26
2026-01-12T07:00+02:00,,,86.94
2026-01-12T07:15+02:00,,,98.36
2026-01-12T07:30+02:00,,,106.05
2026-01-12T07:45+02:00,,,115.97
2026-01-12T08:00+02:00,,,163.48
2026-01-12T08:15+02:00,,,157.02
2026-01-12T08:30+02:00,,,119.83
2026-01-12T08:45+02:00,,,108.98
2026-01-12T09:00+02:00,,,99.11
2026-01-12T09:15+02:00,,,86.53
2026-01-12T09:30+02:00,,,83.48
2026-01-12T09:45+02:00,,,81.25
2026-01-12T10:00+02:00,,,84.72
2026-01-12T10:15+02:00,,,81.54
2026-01-12T10:30+02:00,,,79.42
2026-01-12T10:45+02:00,,,0.01
2026-01-12T11:00+02:00,,,79.55
2026-01-12T11:15+02:00,,,74.77
2026-01-12T11:30+02:00,,,55
2026-01-12T11:45+02:00,,,12.6
2026-01-12T12:00+02:00,,,2
2026-01-12T12:15+02:00,,,2
2026-01-12T12:30+02:00,,,2
2026-01-12T12:45+02:00,,,53.45
2026-01-12T13:00+02:00,,,2
2026-01-12T13:15+02:00,,,54.45
2026-01-12T13:30+02:00,,,55
2026-01-12T13:45+02:00,,,0.01
2026-01-12T14:00+02:00,,,51.1
2026-01-12T14:15+02:00,,,51.95
2026-01-12T14:30+02:00,,,51.95
2026-01-12T14:45+02:00,,,55
2026-01-12T15:00+02:00,,,0.1
2026-01-12T15:15+02:00,,,73.04
2026-01-12T15:30+02:00,,,84.09
2026-01-12T15:45+02:00,,,87.23
2026-01-12T16:00+02:00,,,81.12
2026-01-12T16:15+02:00,,,86.54
2026-01-12T16:30+02:00,,,95.86
2026-01-12T16:45+02:00,,,112.27
2026-01-12T17:00+02:00,,,114.69
2026-01-12T17:15+02:00,,,124.14
2026-01-12T17:30+02:00,,,155.12
2026-01-12T17:45+02:00,,,228.88
2026-01-12T18:00+02:00,,,143.22
2026-01-12T18:15+02:00,,,155.63
2026-01-12T18:30+02:00,,,156.98
2026-01-12T18:45+02:00,,,191.61
2026-01-12T19:00+02:00,,,144.68
2026-01-12T19:15+02:00,,,149
2026-01-12T19:30+02:00,,,148.44
2026-01-12T19:45+02:00,,,153.72
2026-01-12T20:00+02:00,,,154.11
2026-01-12T20:15+02:00,,,154.05
2026-01-12T20:30+02:00,,,153.7
2026-01-12T20:45+02:00,,,138.29
2026-01-12T21:00+02:00,,,176.12
2026-01-12T21:15+02:00,,,155.31
2026-01-12T21:30+02:00,,,145
2026-01-12T21:45+02:00,,,123.58
2026-01-12T22:00+02:00,,,165
2026-01-12T22:15+02:00,,,154.76
2026-01-12T22:30+02:00,,,126.58
2026-01-12T22:45+02:00,,,122.55
2026-01-12T23:00+02:00,,,113.72
2026-01-12T23:15+02:00,,,104.94
2026-01-12T23:30+02:00,,,99.53
2026-01-12T23:45+02:00,,,99.39
2026-01-13T00:00+02:00,,,113.6
2026-01-13T00:15+02:00,,,106.35
2026-01-13T00:30+02:00,,,98.72
2026-01-13T00:45+02:00,,,97.6